SNO	Region	Events_fired	Sessions	%_Events_Fired	% session_opened	Regionwise_exploration
1	MUMBAI	4892064	930457	13.13%	11.28%	5.26
2	NCR	4325447	790474	11.61%	9.59%	5.47
3	BANG	4026225	859191	10.80%	10.42%	4.69
4	HYD	3245858	727791	8.71%	8.83%	4.46
5	CHEN	2454747	527594	6.59%	6.40%	4.65
6	PUNE	2271749	422211	6.10%	5.12%	5.38
7	KOLK	1394694	303414	3.74%	3.68%	4.60
8	AHD	1058488	222817	2.84%	2.70%	4.75
9	COIM	702665	152349	1.89%	1.85%	4.61
10	KOCH	617724	130612	1.66%	1.58%	4.73
11	SURT	612078	110764	1.64%	1.34%	5.53
12	TRIV	584396	116747	1.57%	1.42%	5.01
13	CHD	511276	98906	1.37%	1.20%	5.17
14	LUCK	469271	89673	1.26%	1.09%	5.23
15	VAD	438934	94486	1.18%	1.15%	4.65
16	JAIP	408508	73672	1.10%	0.89%	5.54
17	VIZA	362948	107163	0.97%	1.30%	3.39
18	LUDH	348776	75242	0.94%	0.91%	4.64
19	VIJA	324103	78532	0.87%	0.95%	4.13
20	IND	258790	54963	0.69%	0.67%	4.71
21	NAGP	227107	70312	0.61%	0.85%	3.23
22	TIRP	205170	51304	0.55%	0.62%	4.00
23	MYS	191881	56677	0.51%	0.69%	3.39
24	MLR	166497	38738	0.45%	0.47%	4.30
25	SCBD	163341	27069	0.44%	0.33%	6.03
26	MADU	161827	42674	0.43%	0.52%	3.79
27	BHUB	161122	45539	0.43%	0.55%	3.54
28	TRIC	157199	37437	0.42%	0.45%	4.20
29	RAJK	141658	33264	0.38%	0.40%	4.26
30	PATN	129224	32155	0.35%	0.39%	4.02
31	AMRI	128462	24487	0.34%	0.30%	5.25
32	NASK	127706	35994	0.34%	0.44%	3.55
33	RAIPUR	114277	39260	0.31%	0.48%	2.91
34	KANP	114108	27072	0.31%	0.33%	4.21
35	GUW	114074	29197	0.31%	0.35%	3.91
36	TIRU	113968	38934	0.31%	0.47%	2.93
37	AURA	110444	31069	0.30%	0.38%	3.55
38	THSR	105247	22100	0.28%	0.27%	4.76
39	SALM	103989	23463	0.28%	0.28%	4.43
40	WAR	101381	32043	0.27%	0.39%	3.16
41	POND	96093	22282	0.26%	0.27%	4.31
42	BHOP	93274	29384	0.25%	0.36%	3.17
43	DEH	91714	20537	0.25%	0.25%	4.47
44	MOHL	87600	19097	0.24%	0.23%	4.59
45	GUNT	75343	23621	0.20%	0.29%	3.19
46	GOA	70307	16562	0.19%	0.20%	4.25
47	RANC	64296	25886	0.17%	0.31%	2.48
48	JALA	61188	15895	0.16%	0.19%	3.85
49	JMDP	58136	16040	0.16%	0.19%	3.62
50	VELL	57895	14767	0.16%	0.18%	3.92
51	HUBL	56029	15615	0.15%	0.19%	3.59
52	KOLM	54929	13704	0.15%	0.17%	4.01
53	VAR	53488	16208	0.14%	0.20%	3.30
54	GNAGAR	52212	12663	0.14%	0.15%	4.12
55	PATI	51862	10815	0.14%	0.13%	4.80
56	KOZH	47811	7741	0.13%	0.09%	6.18
57	KOLH	40229	13039	0.11%	0.16%	3.09
58	JODH	37873	10583	0.10%	0.13%	3.58
59	NAGE	36572	7361	0.10%	0.09%	4.97
60	VILL	36005	9150	0.10%	0.11%	3.93
61	GRKP	35530	15878	0.10%	0.19%	2.24
62	KTYM	35168	8521	0.09%	0.10%	4.13
63	AGRA	34415	14509	0.09%	0.18%	2.37
64	VIZI	34384	12907	0.09%	0.16%	2.66
65	HWRH	32828	12872	0.09%	0.16%	2.55
66	KARIM	32296	12668	0.09%	0.15%	2.55
67	JAMM	30468	12227	0.08%	0.15%	2.49
68	ZIRK	30131	5397	0.08%	0.07%	5.58
69	KARA	30019	6413	0.08%	0.08%	4.68
70	SHIA	29402	8374	0.08%	0.10%	3.51
71	RJMU	29345	8696	0.08%	0.11%	3.37
72	SILI	29198	8120	0.08%	0.10%	3.60
73	MERT	29171	8437	0.08%	0.10%	3.46
74	AND	29108	7493	0.08%	0.09%	3.88
75	PNCH	28450	4703	0.08%	0.06%	6.05
76	KAKI	28416	9859	0.08%	0.12%	2.88
77	EROD	28192	6644	0.08%	0.08%	4.24
78	BELG	28002	7473	0.08%	0.09%	3.75
79	JAM	27913	7620	0.07%	0.09%	3.66
80	SING	27407	5963	0.07%	0.07%	4.60
81	ALLH	27023	10003	0.07%	0.12%	2.70
82	MOBI	26679	5220	0.07%	0.06%	5.11
83	NIZA	26590	9532	0.07%	0.12%	2.79
84	BAHD	25803	4513	0.07%	0.05%	5.72
85	KHAM	25787	9035	0.07%	0.11%	2.85
86	PLKK	24941	6046	0.07%	0.07%	4.13
87	KOTA	24914	8246	0.07%	0.10%	3.02
88	BHNG	24724	6566	0.07%	0.08%	3.77
89	DIND	24166	6009	0.06%	0.07%	4.02
90	BILA	23906	10351	0.06%	0.13%	2.31
91	BHILAI	23840	10671	0.06%	0.13%	2.23
92	UDAI	23795	7347	0.06%	0.09%	3.24
93	TIRV	23698	4551	0.06%	0.06%	5.21
94	BHAT	23322	9303	0.06%	0.11%	2.51
95	BARE	22806	7239	0.06%	0.09%	3.15
96	ANGA	22464	5843	0.06%	0.07%	3.84
97	GULB	22230	7044	0.06%	0.09%	3.16
98	PAN	22184	5671	0.06%	0.07%	3.91
99	ALPZ	21923	5600	0.06%	0.07%	3.91
100	JABL	21903	9419	0.06%	0.11%	2.33
101	TVNM	21258	4756	0.06%	0.06%	4.47
102	ASANSOL	21049	5819	0.06%	0.07%	3.62
103	ROH	20937	5944	0.06%	0.07%	3.52
104	DAVA	20363	5503	0.05%	0.07%	3.70
105	VAPI	19908	4315	0.05%	0.05%	4.61
106	GDHAM	19225	4727	0.05%	0.06%	4.07
107	AJMER	19155	5931	0.05%	0.07%	3.23
108	TUMK	18772	3809	0.05%	0.05%	4.93
109	BHAR	18671	4787	0.05%	0.06%	3.90
110	ANAN	18466	6484	0.05%	0.08%	2.85
111	THOD	18424	5162	0.05%	0.06%	3.57
112	MTPM	18121	3765	0.05%	0.05%	4.81
113	MANI	18021	5577	0.05%	0.07%	3.23
114	KNPM	17850	4325	0.05%	0.05%	4.13
115	NAND	17569	7478	0.05%	0.09%	2.35
116	NVSR	17499	3991	0.05%	0.05%	4.38
117	SRDN	17444	3947	0.05%	0.05%	4.42
118	VDKR	17414	2932	0.05%	0.04%	5.94
119	VLSD	17319	4628	0.05%	0.06%	3.74
120	GWAL	17253	5169	0.05%	0.06%	3.34
121	SOLA	17078	6880	0.05%	0.08%	2.48
122	AMB	16490	4179	0.04%	0.05%	3.95
123	MUVA	16452	4115	0.04%	0.05%	4.00
124	CNSY	15847	4171	0.04%	0.05%	3.80
125	ELRU	15839	5573	0.04%	0.07%	2.84
126	KARN	15660	3557	0.04%	0.04%	4.40
127	KUMB	15635	3296	0.04%	0.04%	4.74
128	SANG	15516	6515	0.04%	0.08%	2.38
129	RKOR	15496	6737	0.04%	0.08%	2.30
130	RAIH	15108	3376	0.04%	0.04%	4.48
131	HIRA	15066	14189	0.04%	0.17%	1.06
132	CUTT	14888	6045	0.04%	0.07%	2.46
133	THAL	14780	3910	0.04%	0.05%	3.78
134	LAT	14660	5790	0.04%	0.07%	2.53
135	HRDR	14613	3993	0.04%	0.05%	3.66
136	ERNK	14462	2248	0.04%	0.03%	6.43
137	MORA	14163	5900	0.04%	0.07%	2.40
138	GOBI	14100	2864	0.04%	0.03%	4.92
139	DURGA	14093	6365	0.04%	0.08%	2.21
140	KODU	13761	3155	0.04%	0.04%	4.36
141	ONGL	13692	4777	0.04%	0.06%	2.87
142	AMRA	13521	5742	0.04%	0.07%	2.35
143	KDPA	13496	4848	0.04%	0.06%	2.78
144	PTNM	13184	3223	0.04%	0.04%	4.09
145	MANC	13110	4518	0.04%	0.05%	2.90
146	IRNK	13075	2830	0.04%	0.03%	4.62
147	PERA	12981	3042	0.03%	0.04%	4.27
148	PALG	12911	4383	0.03%	0.05%	2.95
149	THAY	12162	2593	0.03%	0.03%	4.69
150	NELL	12161	3785	0.03%	0.05%	3.21
151	TANJ	11712	2526	0.03%	0.03%	4.64
152	HSUR	11585	2655	0.03%	0.03%	4.36
153	KARG	11542	3086	0.03%	0.04%	3.74
154	CUDD	11511	2376	0.03%	0.03%	4.84
155	KURN	11199	3721	0.03%	0.05%	3.01
156	PIRA	11158	2367	0.03%	0.03%	4.71
157	VIJP	11134	2513	0.03%	0.03%	4.43
158	DHAN	11060	4726	0.03%	0.06%	2.34
159	SAMB	11030	4698	0.03%	0.06%	2.35
160	MUZA	10945	4406	0.03%	0.05%	2.48
161	RAIG	10869	4501	0.03%	0.05%	2.41
162	MEHS	10492	2516	0.03%	0.03%	4.17
163	CHID	10486	2374	0.03%	0.03%	4.42
164	TENK	10261	2191	0.03%	0.03%	4.68
165	BERP	10172	4231	0.03%	0.05%	2.40
166	MRDM	10131	1763	0.03%	0.02%	5.75
167	AHMED	10019	3976	0.03%	0.05%	2.52
168	BHWD	10014	2487	0.03%	0.03%	4.03
169	ANKL	9884	2017	0.03%	0.02%	4.90
170	NADI	9785	2431	0.03%	0.03%	4.03
171	MUZ	9701	3389	0.03%	0.04%	2.86
172	JALG	9656	4158	0.03%	0.05%	2.32
173	KHAN	9629	3921	0.03%	0.05%	2.46
174	PNTM	9500	1708	0.03%	0.02%	5.56
175	POLL	9437	1864	0.03%	0.02%	5.06
176	KART	9397	2530	0.03%	0.03%	3.71
177	PALL	9345	2053	0.03%	0.02%	4.55
178	THEN	9325	1945	0.03%	0.02%	4.79
179	BLRY	9241	2564	0.02%	0.03%	3.60
180	UJJN	9232	3381	0.02%	0.04%	2.73
181	PATH	9217	3557	0.02%	0.04%	2.59
182	BIK	9203	3295	0.02%	0.04%	2.79
183	SKRP	9200	2600	0.02%	0.03%	3.54
184	MDNP	9048	3357	0.02%	0.04%	2.70
185	KGPR	8948	3935	0.02%	0.05%	2.27
186	MATH	8915	2985	0.02%	0.04%	2.99
187	SDDP	8906	2843	0.02%	0.03%	3.13
188	GDTM	8784	1915	0.02%	0.02%	4.59
189	JUGH	8737	2093	0.02%	0.03%	4.17
190	TNVM	8717	1850	0.02%	0.02%	4.71
191	CHEG	8644	2151	0.02%	0.03%	4.02
192	KALY	8583	3857	0.02%	0.05%	2.23
193	RKES	8495	2669	0.02%	0.03%	3.18
194	BONG	8420	3455	0.02%	0.04%	2.44
195	SRKL	8402	2566	0.02%	0.03%	3.27
196	ARAK	7993	1429	0.02%	0.02%	5.59
197	DHAR	7986	1813	0.02%	0.02%	4.40
198	AMBI	7976	3169	0.02%	0.04%	2.52
199	HISR	7954	2256	0.02%	0.03%	3.53
200	HAJI	7913	3388	0.02%	0.04%	2.34
201	HRPD	7897	1717	0.02%	0.02%	4.60
202	CHAN	7873	3237	0.02%	0.04%	2.43
203	RUDP	7871	3295	0.02%	0.04%	2.39
204	SATN	7848	2768	0.02%	0.03%	2.84
205	STHY	7755	1769	0.02%	0.02%	4.38
206	JRSG	7716	3372	0.02%	0.04%	2.29
207	OTTP	7598	1644	0.02%	0.02%	4.62
208	SAHA	7545	3096	0.02%	0.04%	2.44
209	SMLA	7437	2011	0.02%	0.02%	3.70
210	SIL	7424	2768	0.02%	0.03%	2.68
211	GNDA	7416	3003	0.02%	0.04%	2.47
212	GDVK	7372	2417	0.02%	0.03%	3.05
213	BIDR	7365	2021	0.02%	0.02%	3.64
214	ALI	7261	2614	0.02%	0.03%	2.78
215	KURU	7258	1903	0.02%	0.02%	3.81
216	SIV	7187	1482	0.02%	0.02%	4.85
217	YAVA	7178	3075	0.02%	0.04%	2.33
218	RANI	7167	1319	0.02%	0.02%	5.43
219	DHAW	7078	1271	0.02%	0.02%	5.57
220	PAYY	7042	1703	0.02%	0.02%	4.14
221	SHLG	7036	2877	0.02%	0.03%	2.45
222	KODA	7020	2471	0.02%	0.03%	2.84
223	KALG	7005	1073	0.02%	0.01%	6.53
224	TEZP	6958	2870	0.02%	0.03%	2.42
225	PLWL	6953	2439	0.02%	0.03%	2.85
226	PALN	6922	1650	0.02%	0.02%	4.20
227	PIMP	6885	1929	0.02%	0.02%	3.57
228	AWCK	6844	1461	0.02%	0.02%	4.68
229	UDMP	6751	1552	0.02%	0.02%	4.35
230	JNSI	6729	2213	0.02%	0.03%	3.04
231	KMRD	6714	2704	0.02%	0.03%	2.48
232	BEHA	6647	2995	0.02%	0.04%	2.22
233	BARA	6606	2822	0.02%	0.03%	2.34
234	GAYA	6557	2705	0.02%	0.03%	2.42
235	KNDM	6551	854	0.02%	0.01%	7.67
236	KARU	6506	1140	0.02%	0.01%	5.71
237	TTCN	6500	1316	0.02%	0.02%	4.94
238	MAHB	6483	2229	0.02%	0.03%	2.91
239	MALO	6405	2931	0.02%	0.04%	2.19
240	HALD	6400	2455	0.02%	0.03%	2.61
241	DURG	6395	2629	0.02%	0.03%	2.43
242	KRBA	6379	2594	0.02%	0.03%	2.46
243	YAMU	6295	2540	0.02%	0.03%	2.48
244	NMKL	6289	1156	0.02%	0.01%	5.44
245	BHIM	6265	1925	0.02%	0.02%	3.25
246	MNSA	6235	2026	0.02%	0.02%	3.08
247	BOKA	6201	2652	0.02%	0.03%	2.34
248	LNVL	6199	1408	0.02%	0.02%	4.40
249	ABOR	6171	2803	0.02%	0.03%	2.20
250	MUAM	6166	1355	0.02%	0.02%	4.55
251	PATA	6118	1338	0.02%	0.02%	4.57
252	ROOR	6042	1651	0.02%	0.02%	3.66
253	AMAP	5990	2467	0.02%	0.03%	2.43
254	JEYP	5953	2238	0.02%	0.03%	2.66
255	RARA	5853	2133	0.02%	0.03%	2.74
256	ALWR	5824	1816	0.02%	0.02%	3.21
257	ADIL	5795	2062	0.02%	0.03%	2.81
258	THVL	5766	1165	0.02%	0.01%	4.95
259	SHAD	5753	1945	0.02%	0.02%	2.96
260	BLSR	5692	2218	0.02%	0.03%	2.57
261	AKOL	5620	2272	0.02%	0.03%	2.47
262	NYVL	5596	1104	0.02%	0.01%	5.07
263	PTMB	5580	1185	0.01%	0.01%	4.71
264	NALK	5546	1629	0.01%	0.02%	3.40
265	MGLR	5531	2041	0.01%	0.02%	2.71
266	MRGD	5521	2234	0.01%	0.03%	2.47
267	TRII	5467	848	0.01%	0.01%	6.45
268	MANR	5452	902	0.01%	0.01%	6.04
269	KALL	5414	1301	0.01%	0.02%	4.16
270	GUDI	5312	1885	0.01%	0.02%	2.82
271	SRIG	5258	2343	0.01%	0.03%	2.24
272	NKHT	5252	909	0.01%	0.01%	5.78
273	HOSH	5223	2104	0.01%	0.03%	2.48
274	NGPT	5220	912	0.01%	0.01%	5.72
275	SATA	5189	1939	0.01%	0.02%	2.68
276	DIB	5177	1937	0.01%	0.02%	2.67
277	SARE	5102	1699	0.01%	0.02%	3.00
278	MUDA	5087	1105	0.01%	0.01%	4.60
279	ITNG	5046	1939	0.01%	0.02%	2.60
280	MOGA	5039	2237	0.01%	0.03%	2.25
281	VANI	4994	1000	0.01%	0.01%	4.99
282	MAPI	4975	1149	0.01%	0.01%	4.33
283	JGTL	4966	1788	0.01%	0.02%	2.78
284	RWAA	4963	2140	0.01%	0.03%	2.32
285	BHIL	4959	2111	0.01%	0.03%	2.35
286	ANHL	4910	1240	0.01%	0.02%	3.96
287	ANGL	4899	2276	0.01%	0.03%	2.15
288	BHUJ	4874	928	0.01%	0.01%	5.25
289	BAR	4836	2208	0.01%	0.03%	2.19
290	RATL	4804	2013	0.01%	0.02%	2.39
291	PUNA	4803	1002	0.01%	0.01%	4.79
292	BURD	4793	2245	0.01%	0.03%	2.13
293	JORT	4765	2010	0.01%	0.02%	2.37
294	MAPM	4751	1600	0.01%	0.02%	2.97
295	SHAH	4748	2023	0.01%	0.02%	2.35
296	PARB	4736	2015	0.01%	0.02%	2.35
297	TANK	4673	1722	0.01%	0.02%	2.71
298	PURU	4626	2025	0.01%	0.02%	2.28
299	KNWB	4621	2090	0.01%	0.03%	2.21
300	MALE	4598	1910	0.01%	0.02%	2.41
301	GODH	4588	957	0.01%	0.01%	4.79
302	ANKP	4554	1750	0.01%	0.02%	2.60
303	NAGI	4517	1471	0.01%	0.02%	3.07
304	DMSL	4509	1999	0.01%	0.02%	2.26
305	VKAL	4508	1024	0.01%	0.01%	4.40
306	FAZA	4491	1899	0.01%	0.02%	2.36
307	SHNR	4484	942	0.01%	0.01%	4.76
308	UDUP	4444	964	0.01%	0.01%	4.61
309	CHIR	4440	1342	0.01%	0.02%	3.31
310	NADY	4406	1463	0.01%	0.02%	3.01
311	NDNB	4369	1857	0.01%	0.02%	2.35
312	CHKA	4339	992	0.01%	0.01%	4.37
313	KOVI	4277	858	0.01%	0.01%	4.98
314	PEDA	4248	1561	0.01%	0.02%	2.72
315	SIKR	4232	1823	0.01%	0.02%	2.32
316	TAND	4223	1544	0.01%	0.02%	2.74
317	DHLE	4127	1542	0.01%	0.02%	2.68
318	LKPK	4097	1627	0.01%	0.02%	2.52
319	SEHO	4083	1542	0.01%	0.02%	2.65
320	KTGM	4068	1226	0.01%	0.01%	3.32
321	OLAR	4053	1139	0.01%	0.01%	3.56
322	ARIY	4052	860	0.01%	0.01%	4.71
323	SIRC	4040	1483	0.01%	0.02%	2.72
324	TINS	4019	1709	0.01%	0.02%	2.35
325	THPD	3978	595	0.01%	0.01%	6.69
326	ABRD	3917	1878	0.01%	0.02%	2.09
327	BIDI	3912	815	0.01%	0.01%	4.80
328	MUKM	3909	906	0.01%	0.01%	4.31
329	PROD	3904	1332	0.01%	0.02%	2.93
330	BLGT	3899	1638	0.01%	0.02%	2.38
331	MKST	3858	1718	0.01%	0.02%	2.25
332	SULY	3854	882	0.01%	0.01%	4.37
333	TRPR	3754	838	0.01%	0.01%	4.48
334	METT	3747	1155	0.01%	0.01%	3.24
335	BHDR	3735	1313	0.01%	0.02%	2.84
336	PADM	3696	934	0.01%	0.01%	3.96
337	DMPI	3687	620	0.01%	0.01%	5.95
338	KRHN	3680	783	0.01%	0.01%	4.70
339	PRVT	3645	1163	0.01%	0.01%	3.13
340	DAHO	3599	784	0.01%	0.01%	4.59
341	DHGM	3594	815	0.01%	0.01%	4.41
342	KNJH	3551	1566	0.01%	0.02%	2.27
343	KOTK	3546	1683	0.01%	0.02%	2.11
344	HOOG	3532	1518	0.01%	0.02%	2.33
345	KARD	3524	1263	0.01%	0.02%	2.79
346	SILV	3522	834	0.01%	0.01%	4.22
347	BODI	3518	827	0.01%	0.01%	4.25
348	BEED	3504	1503	0.01%	0.02%	2.33
349	RATN	3480	1295	0.01%	0.02%	2.69
350	AGAR	3464	1423	0.01%	0.02%	2.43
351	ERAT	3449	743	0.01%	0.01%	4.64
352	PLKL	3438	1156	0.01%	0.01%	2.97
353	PALS	3435	1140	0.01%	0.01%	3.01
354	LAHA	3421	1421	0.01%	0.02%	2.41
355	KOVU	3417	1216	0.01%	0.01%	2.81
356	ACHM	3411	1167	0.01%	0.01%	2.92
357	SITA	3392	1466	0.01%	0.02%	2.31
358	ZAGE	3389	1131	0.01%	0.01%	3.00
359	JADC	3376	1038	0.01%	0.01%	3.25
360	BILI	3370	699	0.01%	0.01%	4.82
361	PEN	3363	1378	0.01%	0.02%	2.44
362	GUDR	3332	1247	0.01%	0.02%	2.67
363	KASA	3321	742	0.01%	0.01%	4.48
364	FRZR	3309	1385	0.01%	0.02%	2.39
365	UDHM	3295	1141	0.01%	0.01%	2.89
366	NSPT	3285	1054	0.01%	0.01%	3.12
367	SHUR	3274	1197	0.01%	0.01%	2.74
368	BARI	3263	1355	0.01%	0.02%	2.41
369	MANG	3202	1196	0.01%	0.01%	2.68
370	MGSI	3190	1379	0.01%	0.02%	2.31
371	HLDI	3188	1416	0.01%	0.02%	2.25
372	TTGH	3180	1049	0.01%	0.01%	3.03
373	CHEE	3166	958	0.01%	0.01%	3.30
374	JAGD	3153	1356	0.01%	0.02%	2.33
375	VKBD	3128	1159	0.01%	0.01%	2.70
376	ICHL	3122	1128	0.01%	0.01%	2.77
377	GUNL	3113	1110	0.01%	0.01%	2.80
378	DDMA	3082	1180	0.01%	0.01%	2.61
379	AVII	3054	900	0.01%	0.01%	3.39
380	BLPR	3010	1203	0.01%	0.01%	2.50
381	NMCH	3003	1450	0.01%	0.02%	2.07
382	Mumbai	2996	1687	0.01%	0.02%	1.78
383	KAKM	2991	555	0.01%	0.01%	5.39
384	DMPR	2986	1262	0.01%	0.02%	2.37
385	TRKR	2979	788	0.01%	0.01%	3.78
386	MSS	2977	808	0.01%	0.01%	3.68
387	VYUR	2974	888	0.01%	0.01%	3.35
388	SISA	2972	747	0.01%	0.01%	3.98
389	KADI	2957	615	0.01%	0.01%	4.81
390	BULA	2951	991	0.01%	0.01%	2.98
391	SHVG	2943	422	0.01%	0.01%	6.97
392	TADP	2887	907	0.01%	0.01%	3.18
393	TENA	2886	1007	0.01%	0.01%	2.87
394	SURY	2878	903	0.01%	0.01%	3.19
395	VJPR	2876	709	0.01%	0.01%	4.06
396	JETP	2846	664	0.01%	0.01%	4.29
397	JGGY	2826	1107	0.01%	0.01%	2.55
398	CHAM	2823	982	0.01%	0.01%	2.87
399	KRNJ	2820	831	0.01%	0.01%	3.39
400	ARNI	2819	681	0.01%	0.01%	4.14
401	CHIN	2806	1060	0.01%	0.01%	2.65
402	MND	2797	644	0.01%	0.01%	4.34
403	EDPL	2781	644	0.01%	0.01%	4.32
404	SLUT	2764	1315	0.01%	0.02%	2.10
405	HASN	2762	612	0.01%	0.01%	4.51
406	MVLR	2737	735	0.01%	0.01%	3.72
407	PRKM	2714	1044	0.01%	0.01%	2.60
408	PUDH	2697	498	0.01%	0.01%	5.42
409	BARG	2690	1076	0.01%	0.01%	2.50
410	BTGD	2662	475	0.01%	0.01%	5.60
411	SUND	2642	1014	0.01%	0.01%	2.61
412	NAVN	2636	1125	0.01%	0.01%	2.34
413	National+Capital+Region+(NCR)	2631	1526	0.01%	0.02%	1.72
414	BANS	2631	1171	0.01%	0.01%	2.25
415	PATE	2614	922	0.01%	0.01%	2.84
416	ANJR	2610	580	0.01%	0.01%	4.50
417	BRDL	2608	599	0.01%	0.01%	4.35
418	MNGR	2601	704	0.01%	0.01%	3.69
419	ARUP	2599	544	0.01%	0.01%	4.78
420	RAJA	2589	904	0.01%	0.01%	2.86
421	RSRA	2573	933	0.01%	0.01%	2.76
422	MADL	2557	1201	0.01%	0.01%	2.13
423	KISH	2531	576	0.01%	0.01%	4.39
424	BARM	2528	1124	0.01%	0.01%	2.25
425	RAYM	2528	574	0.01%	0.01%	4.40
426	WARD	2508	972	0.01%	0.01%	2.58
427	BIJ	2475	1126	0.01%	0.01%	2.20
428	BDVT	2463	642	0.01%	0.01%	3.84
429	DEWAS	2406	878	0.01%	0.01%	2.74
430	MAND	2389	897	0.01%	0.01%	2.66
431	HOSP	2365	518	0.01%	0.01%	4.57
432	DORH	2355	1055	0.01%	0.01%	2.23
433	KASH	2336	993	0.01%	0.01%	2.35
434	DAMA	2330	453	0.01%	0.01%	5.14
435	PNDH	2309	929	0.01%	0.01%	2.49
436	JANP	2300	856	0.01%	0.01%	2.69
437	DHRI	2293	1056	0.01%	0.01%	2.17
438	National Capital Region (NCR)	2251	1633	0.01%	0.02%	1.38
439	CHIT	2238	541	0.01%	0.01%	4.14
440	VDCY	2219	483	0.01%	0.01%	4.59
441	RAUR	2215	519	0.01%	0.01%	4.27
442	HIMM	2213	556	0.01%	0.01%	3.98
443	KHOP	2212	968	0.01%	0.01%	2.29
444	MULL	2212	955	0.01%	0.01%	2.32
445	NARS	2195	712	0.01%	0.01%	3.08
446	KWAR	2174	557	0.01%	0.01%	3.90
447	THOR	2167	752	0.01%	0.01%	2.88
448	DHMT	2160	864	0.01%	0.01%	2.50
449	LONI	2155	827	0.01%	0.01%	2.61
450	SADA	2128	667	0.01%	0.01%	3.19
451	KHDW	2120	779	0.01%	0.01%	2.72
452	MIZP	2114	870	0.01%	0.01%	2.43
453	PATU	2098	396	0.01%	0.00%	5.30
454	JANG	2082	600	0.01%	0.01%	3.47
455	KGKM	2068	336	0.01%	0.00%	6.15
456	RVPL	2067	601	0.01%	0.01%	3.44
457	DEES	2060	499	0.01%	0.01%	4.13
458	REWA	2049	649	0.01%	0.01%	3.16
459	JAJP	2048	878	0.01%	0.01%	2.33
460	PANH	2039	426	0.01%	0.01%	4.79
461	KAZI	2034	892	0.01%	0.01%	2.28
462	KVLI	2019	466	0.01%	0.01%	4.33
463	DOGH	2002	772	0.01%	0.01%	2.59
464	BEAW	1985	838	0.01%	0.01%	2.37
465	NAAM	1970	772	0.01%	0.01%	2.55
466	PATR	1969	787	0.01%	0.01%	2.50
467	SCO	1965	885	0.01%	0.01%	2.22
468	BOIS	1964	786	0.01%	0.01%	2.50
469	CDVM	1964	539	0.01%	0.01%	3.64
470	KUNN	1961	322	0.01%	0.00%	6.09
471	MDAK	1953	745	0.01%	0.01%	2.62
472	GUNA	1944	933	0.01%	0.01%	2.08
473	UDGR	1923	705	0.01%	0.01%	2.73
474	NAIN	1920	648	0.01%	0.01%	2.96
475	PURN	1919	638	0.01%	0.01%	3.01
476	TMRY	1918	378	0.01%	0.00%	5.07
477	KOMA	1908	437	0.01%	0.01%	4.37
478	FAKA	1902	719	0.01%	0.01%	2.65
479	BELL	1860	657	0.00%	0.01%	2.83
480	IDPI	1835	286	0.00%	0.00%	6.42
481	SOMA	1810	712	0.00%	0.01%	2.54
482	BHWN	1810	711	0.00%	0.01%	2.55
483	GADG	1809	410	0.00%	0.00%	4.41
484	COOR	1808	454	0.00%	0.01%	3.98
485	MNGU	1805	650	0.00%	0.01%	2.78
486	BLUR	1804	846	0.00%	0.01%	2.13
487	MNDS	1801	812	0.00%	0.01%	2.22
488	RENU	1800	679	0.00%	0.01%	2.65
489	AKLJ	1792	701	0.00%	0.01%	2.56
490	FORB	1761	674	0.00%	0.01%	2.61
491	ALBG	1757	342	0.00%	0.00%	5.14
492	MAJR	1756	381	0.00%	0.00%	4.61
493	DNAL	1752	807	0.00%	0.01%	2.17
494	KANK	1746	802	0.00%	0.01%	2.18
495	KAIT	1744	747	0.00%	0.01%	2.33
496	SATL	1736	570	0.00%	0.01%	3.05
497	GANG	1732	744	0.00%	0.01%	2.33
498	HALO	1720	386	0.00%	0.00%	4.46
499	SART	1703	420	0.00%	0.01%	4.05
500	MOOD	1702	411	0.00%	0.00%	4.14
501	NDPT	1699	415	0.00%	0.01%	4.09
502	GAVT	1696	440	0.00%	0.01%	3.85
503	KULU	1690	487	0.00%	0.01%	3.47
504	PITH	1689	628	0.00%	0.01%	2.69
505	VALI	1689	479	0.00%	0.01%	3.53
506	CHHT	1653	591	0.00%	0.01%	2.80
507	IDAR	1653	326	0.00%	0.00%	5.07
508	TNDA	1634	737	0.00%	0.01%	2.22
509	MANA	1627	520	0.00%	0.01%	3.13
510	BRHP	1614	669	0.00%	0.01%	2.41
511	TATI	1611	516	0.00%	0.01%	3.12
512	GHT	1595	608	0.00%	0.01%	2.62
513	SVSG	1590	564	0.00%	0.01%	2.82
514	BTAP	1574	581	0.00%	0.01%	2.71
515	PUTR	1568	368	0.00%	0.00%	4.26
516	BART	1567	757	0.00%	0.01%	2.07
517	ITAR	1566	666	0.00%	0.01%	2.35
518	NDVD	1561	415	0.00%	0.01%	3.76
519	MORH	1556	678	0.00%	0.01%	2.29
520	SNGR	1536	632	0.00%	0.01%	2.43
521	TRCD	1534	326	0.00%	0.00%	4.71
522	PODA	1514	572	0.00%	0.01%	2.65
523	JALN	1512	573	0.00%	0.01%	2.64
524	CHIK	1502	414	0.00%	0.01%	3.63
525	ADAM	1501	628	0.00%	0.01%	2.39
526	KALW	1501	473	0.00%	0.01%	3.17
527	ETTU	1500	378	0.00%	0.00%	3.97
528	MANB	1490	234	0.00%	0.00%	6.37
529	SRIV	1487	317	0.00%	0.00%	4.69
530	MADR	1486	516	0.00%	0.01%	2.88
531	JNGN	1484	502	0.00%	0.01%	2.96
532	HAZA	1480	553	0.00%	0.01%	2.68
533	SIRO	1476	528	0.00%	0.01%	2.80
534	PHAL	1467	549	0.00%	0.01%	2.67
535	RLKD	1461	482	0.00%	0.01%	3.03
536	ICPR	1459	453	0.00%	0.01%	3.22
537	THYR	1457	315	0.00%	0.00%	4.63
538	GAJW	1439	478	0.00%	0.01%	3.01
539	KOZA	1426	339	0.00%	0.00%	4.21
540	WAYA	1424	184	0.00%	0.00%	7.74
541	JGDL	1421	480	0.00%	0.01%	2.96
542	MRMP	1420	654	0.00%	0.01%	2.17
543	PEDP	1416	538	0.00%	0.01%	2.63
544	SATH	1414	522	0.00%	0.01%	2.71
545	KNCH	1395	378	0.00%	0.00%	3.69
546	RNGJ	1394	532	0.00%	0.01%	2.62
547	DRLA	1391	1264	0.00%	0.02%	1.10
548	DAMO	1389	518	0.00%	0.01%	2.68
549	MHAD	1384	456	0.00%	0.01%	3.04
550	NAKO	1382	610	0.00%	0.01%	2.27
551	PULA	1376	446	0.00%	0.01%	3.09
552	KAIK	1362	496	0.00%	0.01%	2.75
553	PINJ	1356	311	0.00%	0.00%	4.36
554	PALK	1350	412	0.00%	0.00%	3.28
555	SAMP	1345	516	0.00%	0.01%	2.61
556	UMER	1338	310	0.00%	0.00%	4.32
557	FASA	1334	531	0.00%	0.01%	2.51
558	TRUR	1332	313	0.00%	0.00%	4.26
559	BALG	1328	508	0.00%	0.01%	2.61
560	VERU	1328	477	0.00%	0.01%	2.78
561	NDGM	1310	445	0.00%	0.01%	2.94
562	MACH	1301	448	0.00%	0.01%	2.90
563	DAKS	1295	476	0.00%	0.01%	2.72
564	BETU	1284	502	0.00%	0.01%	2.56
565	RAMP	1283	366	0.00%	0.00%	3.51
566	KARI	1282	261	0.00%	0.00%	4.91
567	JPG	1276	564	0.00%	0.01%	2.26
568	KOSA	1270	307	0.00%	0.00%	4.14
569	DASU	1267	535	0.00%	0.01%	2.37
570	KEGA	1261	472	0.00%	0.01%	2.67
571	SURJ	1255	448	0.00%	0.01%	2.80
572	PULP	1250	270	0.00%	0.00%	4.63
573	BAID	1245	448	0.00%	0.01%	2.78
574	JAGG	1240	444	0.00%	0.01%	2.79
575	KAND	1232	480	0.00%	0.01%	2.57
576	SAMA	1229	488	0.00%	0.01%	2.52
577	Bengaluru	1223	602	0.00%	0.01%	2.03
578	BULD	1220	379	0.00%	0.00%	3.22
579	ACVC	1217	295	0.00%	0.00%	4.13
580	KHAS	1213	439	0.00%	0.01%	2.76
581	RAAA	1211	434	0.00%	0.01%	2.79
582	KATH	1207	441	0.00%	0.01%	2.74
583	COBE	1206	512	0.00%	0.01%	2.36
584	MUSI	1201	242	0.00%	0.00%	4.96
585	RANG	1201	228	0.00%	0.00%	5.27
586	KHDA	1199	212	0.00%	0.00%	5.66
587	RUPN	1192	520	0.00%	0.01%	2.29
588	THVR	1192	288	0.00%	0.00%	4.14
589	PRAT	1180	387	0.00%	0.00%	3.05
590	PTPM	1171	178	0.00%	0.00%	6.58
591	RAEB	1167	396	0.00%	0.00%	2.95
592	BHAA	1165	483	0.00%	0.01%	2.41
593	NRPT	1165	438	0.00%	0.01%	2.66
594	AZMG	1139	505	0.00%	0.01%	2.26
595	NZVD	1139	412	0.00%	0.00%	2.76
596	BKTH	1130	476	0.00%	0.01%	2.37
597	VIRU	1127	153	0.00%	0.00%	7.37
598	BAGA	1120	238	0.00%	0.00%	4.71
599	PALM	1116	465	0.00%	0.01%	2.40
600	BELU	1115	268	0.00%	0.00%	4.16
601	AMBR	1115	267	0.00%	0.00%	4.18
602	ETWH	1103	405	0.00%	0.00%	2.72
603	KLAD	1102	396	0.00%	0.00%	2.78
604	JATN	1101	383	0.00%	0.00%	2.87
605	VRYM	1097	394	0.00%	0.00%	2.78
606	BIJO	1090	366	0.00%	0.00%	2.98
607	ANTT	1089	412	0.00%	0.00%	2.64
608	MOTI	1083	417	0.00%	0.01%	2.60
609	BADD	1082	428	0.00%	0.01%	2.53
610	NARP	1060	366	0.00%	0.00%	2.90
611	CHEV	1060	278	0.00%	0.00%	3.81
612	SALU	1057	344	0.00%	0.00%	3.07
613	RCPR	1057	288	0.00%	0.00%	3.67
614	KHED	1052	381	0.00%	0.00%	2.76
615	PLWA	1050	412	0.00%	0.00%	2.55
616	YEMM	1049	464	0.00%	0.01%	2.26
617	HNDP	1048	400	0.00%	0.00%	2.62
618	Chennai	1036	790	0.00%	0.01%	1.31
619	IDKI	1028	178	0.00%	0.00%	5.78
620	SAKT	1027	373	0.00%	0.00%	2.75
621	SONG	1019	185	0.00%	0.00%	5.51
622	YADG	998	311	0.00%	0.00%	3.21
623	MKKA	994	220	0.00%	0.00%	4.52
624	TRVR	989	285	0.00%	0.00%	3.47
625	CHAD	984	391	0.00%	0.00%	2.52
626	BOBB	982	215	0.00%	0.00%	4.57
627	BHUP	974	260	0.00%	0.00%	3.75
628	ARNT	971	320	0.00%	0.00%	3.03
629	PANT	970	235	0.00%	0.00%	4.13
630	JLAB	961	300	0.00%	0.00%	3.20
631	RANE	953	154	0.00%	0.00%	6.19
632	KPLA	937	309	0.00%	0.00%	3.03
633	NASP	931	328	0.00%	0.00%	2.84
634	BHRH	922	321	0.00%	0.00%	2.87
635	KOLE	922	219	0.00%	0.00%	4.21
636	PMMR	911	270	0.00%	0.00%	3.37
637	KAWA	902	299	0.00%	0.00%	3.02
638	GMAD	902	293	0.00%	0.00%	3.08
639	KARK	900	223	0.00%	0.00%	4.04
640	Pune	884	603	0.00%	0.01%	1.47
641	SEON	883	320	0.00%	0.00%	2.76
642	CHNN	881	195	0.00%	0.00%	4.52
643	SRNG	878	202	0.00%	0.00%	4.35
644	AHMG	877	360	0.00%	0.00%	2.44
645	JAMI	858	345	0.00%	0.00%	2.49
646	PETL	856	144	0.00%	0.00%	5.94
647	SHJH	855	338	0.00%	0.00%	2.53
648	CHIL	851	234	0.00%	0.00%	3.64
649	ALNI	851	223	0.00%	0.00%	3.82
650	ANEK	851	163	0.00%	0.00%	5.22
651	BHAN	847	289	0.00%	0.00%	2.93
652	JASD	847	225	0.00%	0.00%	3.76
653	BAGT	846	245	0.00%	0.00%	3.45
654	NZRA	836	337	0.00%	0.00%	2.48
655	NERP	822	326	0.00%	0.00%	2.52
656	BAND	820	173	0.00%	0.00%	4.74
657	WANA	802	311	0.00%	0.00%	2.58
658	PLLI	783	225	0.00%	0.00%	3.48
659	SAFI	773	280	0.00%	0.00%	2.76
660	WANI	761	283	0.00%	0.00%	2.69
661	DHRA	758	188	0.00%	0.00%	4.03
662	TINA	758	127	0.00%	0.00%	5.97
663	TIPT	751	193	0.00%	0.00%	3.89
664	DARJ	749	333	0.00%	0.00%	2.25
665	SHHA	747	201	0.00%	0.00%	3.72
666	AUBI	745	304	0.00%	0.00%	2.45
667	BIRL	743	384	0.00%	0.00%	1.93
668	TONK	738	201	0.00%	0.00%	3.67
669	ANKV	723	213	0.00%	0.00%	3.39
670	PARI	723	198	0.00%	0.00%	3.65
671	TKLI	720	211	0.00%	0.00%	3.41
672	CHAJ	716	206	0.00%	0.00%	3.48
673	BHUV	716	167	0.00%	0.00%	4.29
674	ALMO	714	326	0.00%	0.00%	2.19
675	RANA	714	326	0.00%	0.00%	2.19
676	ATLI	714	294	0.00%	0.00%	2.43
677	BAPU	713	324	0.00%	0.00%	2.20
678	PANC	707	217	0.00%	0.00%	3.26
679	PERI	705	162	0.00%	0.00%	4.35
680	BJNG	702	280	0.00%	0.00%	2.51
681	KNGN	700	270	0.00%	0.00%	2.59
682	JHAB	698	265	0.00%	0.00%	2.63
683	BAGU	697	198	0.00%	0.00%	3.52
684	DPLL	696	265	0.00%	0.00%	2.63
685	Kolkata	695	370	0.00%	0.00%	1.88
686	MULK	695	240	0.00%	0.00%	2.90
687	ADKI	689	170	0.00%	0.00%	4.05
688	BBCH	684	254	0.00%	0.00%	2.69
689	ADNI	677	146	0.00%	0.00%	4.64
690	YRLL	662	203	0.00%	0.00%	3.26
691	KAAM	661	225	0.00%	0.00%	2.94
692	RJLA	659	174	0.00%	0.00%	3.79
693	PAAL	657	242	0.00%	0.00%	2.71
694	PITA	656	173	0.00%	0.00%	3.79
695	SMNE	642	254	0.00%	0.00%	2.53
696	SINA	637	300	0.00%	0.00%	2.12
697	KAKP	637	139	0.00%	0.00%	4.58
698	GHAR	633	181	0.00%	0.00%	3.50
699	YLMN	632	234	0.00%	0.00%	2.70
700	NAWA	630	236	0.00%	0.00%	2.67
701	TANG	625	197	0.00%	0.00%	3.17
702	ANDM	624	200	0.00%	0.00%	3.12
703	KAMP	620	284	0.00%	0.00%	2.18
704	PURI	614	221	0.00%	0.00%	2.78
705	GANN	613	296	0.00%	0.00%	2.07
706	KSBG	609	229	0.00%	0.00%	2.66
707	BIPS	607	247	0.00%	0.00%	2.46
708	JAGJ	607	230	0.00%	0.00%	2.64
709	PALT	605	214	0.00%	0.00%	2.83
710	KADT	602	219	0.00%	0.00%	2.75
711	ULPT	601	157	0.00%	0.00%	3.83
712	SHIV	600	277	0.00%	0.00%	2.17
713	RAHU	593	160	0.00%	0.00%	3.71
714	PONN	588	116	0.00%	0.00%	5.07
715	HRE	588	113	0.00%	0.00%	5.20
716	PIDU	584	155	0.00%	0.00%	3.77
717	ANGR	579	175	0.00%	0.00%	3.31
718	RAI	578	136	0.00%	0.00%	4.25
719	NATH	578	80	0.00%	0.00%	7.23
720	DUBA	576	270	0.00%	0.00%	2.13
721	VNKD	569	198	0.00%	0.00%	2.87
722	WRRA	568	236	0.00%	0.00%	2.41
723	DAKR	568	160	0.00%	0.00%	3.55
724	TNO	567	186	0.00%	0.00%	3.05
725	DVLR	567	164	0.00%	0.00%	3.46
726	KAMR	567	114	0.00%	0.00%	4.97
727	NHTA	561	272	0.00%	0.00%	2.06
728	KHBD	559	275	0.00%	0.00%	2.03
729	KATI	558	238	0.00%	0.00%	2.34
730	JSMR	558	133	0.00%	0.00%	4.20
731	PEND	557	139	0.00%	0.00%	4.01
732	DALL	556	230	0.00%	0.00%	2.42
733	RSPM	556	198	0.00%	0.00%	2.81
734	KCHA	550	190	0.00%	0.00%	2.89
735	NAGO	546	210	0.00%	0.00%	2.60
736	HRDI	545	205	0.00%	0.00%	2.66
737	TRVL	545	129	0.00%	0.00%	4.22
738	SIND	544	151	0.00%	0.00%	3.60
739	MDRM	543	255	0.00%	0.00%	2.13
740	HMPI	543	114	0.00%	0.00%	4.76
741	PREG	541	231	0.00%	0.00%	2.34
742	DAUS	541	220	0.00%	0.00%	2.46
743	KAVT	538	78	0.00%	0.00%	6.90
744	AGOR	536	195	0.00%	0.00%	2.75
745	JHAJ	535	169	0.00%	0.00%	3.17
746	NRYN	531	177	0.00%	0.00%	3.00
747	VELI	529	152	0.00%	0.00%	3.48
748	WWAR	526	200	0.00%	0.00%	2.63
749	KANN	525	118	0.00%	0.00%	4.45
750	KANM	521	116	0.00%	0.00%	4.49
751	PDDG	518	212	0.00%	0.00%	2.44
752	KNNJ	518	99	0.00%	0.00%	5.23
753	RSNG	514	185	0.00%	0.00%	2.78
754	KHCY	512	183	0.00%	0.00%	2.80
755	PNRU	512	134	0.00%	0.00%	3.82
756	OSMA	511	208	0.00%	0.00%	2.46
757	BADA	508	226	0.00%	0.00%	2.25
758	KRYD	507	75	0.00%	0.00%	6.76
759	GOPG	503	258	0.00%	0.00%	1.95
760	BBHA	503	178	0.00%	0.00%	2.83
761	SAGA	502	207	0.00%	0.00%	2.43
762	AKVD	501	196	0.00%	0.00%	2.56
763	DHPR	494	204	0.00%	0.00%	2.42
764	PGNR	492	184	0.00%	0.00%	2.67
765	JEWR	491	247	0.00%	0.00%	1.99
766	PAVA	489	118	0.00%	0.00%	4.14
767	SARA	486	190	0.00%	0.00%	2.56
768	NARA	485	147	0.00%	0.00%	3.30
769	KOVR	480	166	0.00%	0.00%	2.89
770	ALGD	479	180	0.00%	0.00%	2.66
771	ZIRO	479	129	0.00%	0.00%	3.71
772	NAGD	472	191	0.00%	0.00%	2.47
773	SNGO	472	169	0.00%	0.00%	2.79
774	JAKA	468	150	0.00%	0.00%	3.12
775	HALI	465	223	0.00%	0.00%	2.09
776	KANG	465	175	0.00%	0.00%	2.66
777	BHUS	459	203	0.00%	0.00%	2.26
778	PODI	458	153	0.00%	0.00%	2.99
779	GANP	455	205	0.00%	0.00%	2.22
780	VIUR	451	127	0.00%	0.00%	3.55
781	HANU	439	115	0.00%	0.00%	3.82
782	SIMA	437	200	0.00%	0.00%	2.19
783	FATE	434	195	0.00%	0.00%	2.23
784	INDA	430	162	0.00%	0.00%	2.65
785	PUSD	424	157	0.00%	0.00%	2.70
786	LRAM	421	187	0.00%	0.00%	2.25
787	UTHM	421	131	0.00%	0.00%	3.21
788	KOAN	418	169	0.00%	0.00%	2.47
789	KUSH	418	118	0.00%	0.00%	3.54
790	MARR	417	156	0.00%	0.00%	2.67
791	THRU	409	118	0.00%	0.00%	3.47
792	KKJR	408	262	0.00%	0.00%	1.56
793	STGH	407	128	0.00%	0.00%	3.18
794	BNGA	405	134	0.00%	0.00%	3.02
795	KESA	405	90	0.00%	0.00%	4.50
796	PIPY	403	179	0.00%	0.00%	2.25
797	BORM	401	71	0.00%	0.00%	5.65
798	LEHL	400	110	0.00%	0.00%	3.64
799	VADA	398	111	0.00%	0.00%	3.59
800	BARK	397	191	0.00%	0.00%	2.08
801	JIND	397	186	0.00%	0.00%	2.13
802	ALL	393	169	0.00%	0.00%	2.33
803	NANZ	391	144	0.00%	0.00%	2.72
804	THRM	391	134	0.00%	0.00%	2.92
805	MUDL	390	106	0.00%	0.00%	3.68
806	DARH	389	175	0.00%	0.00%	2.22
807	BMDE	388	155	0.00%	0.00%	2.50
808	BADN	387	141	0.00%	0.00%	2.74
809	KADR	385	165	0.00%	0.00%	2.33
810	CHRY	384	156	0.00%	0.00%	2.46
811	CPTN	370	136	0.00%	0.00%	2.72
812	MANW	370	128	0.00%	0.00%	2.89
813	VAZH	363	135	0.00%	0.00%	2.69
814	KANJ	362	146	0.00%	0.00%	2.48
815	KASG	360	126	0.00%	0.00%	2.86
816	VIVI	359	101	0.00%	0.00%	3.55
817	KEKE	355	77	0.00%	0.00%	4.61
818	RMNG	349	99	0.00%	0.00%	3.53
819	DBBK	347	123	0.00%	0.00%	2.82
820	RYCT	346	135	0.00%	0.00%	2.56
821	PEDN	343	137	0.00%	0.00%	2.50
822	BAST	342	118	0.00%	0.00%	2.90
823	VELM	339	121	0.00%	0.00%	2.80
824	AURW	338	126	0.00%	0.00%	2.68
825	JEHA	329	170	0.00%	0.00%	1.94
826	VSNP	327	94	0.00%	0.00%	3.48
827	EDLP	325	163	0.00%	0.00%	1.99
828	BALO	325	123	0.00%	0.00%	2.64
829	BKOT	324	119	0.00%	0.00%	2.72
830	HING	322	94	0.00%	0.00%	3.43
831	CHPD	316	83	0.00%	0.00%	3.81
832	GANJ	315	120	0.00%	0.00%	2.63
833	KARE	314	145	0.00%	0.00%	2.17
834	KALI	312	160	0.00%	0.00%	1.95
835	MAKA	309	137	0.00%	0.00%	2.26
836	GAUR	308	88	0.00%	0.00%	3.50
837	DUBR	304	99	0.00%	0.00%	3.07
838	CHAP	303	154	0.00%	0.00%	1.97
839	ASWA	302	120	0.00%	0.00%	2.52
840	AKAL	301	109	0.00%	0.00%	2.76
841	RAMN	300	150	0.00%	0.00%	2.00
842	KHBH	296	50	0.00%	0.00%	5.92
843	THND	295	97	0.00%	0.00%	3.04
844	SRIR	294	92	0.00%	0.00%	3.20
845	MYDU	293	115	0.00%	0.00%	2.55
846	BIRH	292	115	0.00%	0.00%	2.54
847	PARA	290	99	0.00%	0.00%	2.93
848	MORI	287	93	0.00%	0.00%	3.09
849	NARY	286	100	0.00%	0.00%	2.86
850	VALL	286	92	0.00%	0.00%	3.11
851	PARC	285	104	0.00%	0.00%	2.74
852	HATH	284	101	0.00%	0.00%	2.81
853	NABB	280	140	0.00%	0.00%	2.00
854	SPAL	279	112	0.00%	0.00%	2.49
855	MDAS	278	68	0.00%	0.00%	4.09
856	JAMK	276	111	0.00%	0.00%	2.49
857	MALK	276	45	0.00%	0.00%	6.13
858	BHMP	274	120	0.00%	0.00%	2.28
859	MAAL	272	171	0.00%	0.00%	1.59
860	MUMM	271	119	0.00%	0.00%	2.28
861	UTHU	269	141	0.00%	0.00%	1.91
862	BMTA	268	111	0.00%	0.00%	2.41
863	UTRA	264	116	0.00%	0.00%	2.28
864	NIPN	264	76	0.00%	0.00%	3.47
865	MUNI	263	101	0.00%	0.00%	2.60
866	RAGH	259	97	0.00%	0.00%	2.67
867	JANR	257	96	0.00%	0.00%	2.68
868	AMBH	256	94	0.00%	0.00%	2.72
869	HRRR	255	69	0.00%	0.00%	3.70
870	KULI	255	62	0.00%	0.00%	4.11
871	SAOR	254	51	0.00%	0.00%	4.98
872	JOHO	252	49	0.00%	0.00%	5.14
873	ATHG	251	77	0.00%	0.00%	3.26
874	GOPA	250	113	0.00%	0.00%	2.21
875	GDWR	249	110	0.00%	0.00%	2.26
876	SARN	249	98	0.00%	0.00%	2.54
877	BALU	248	101	0.00%	0.00%	2.46
878	ELES	246	62	0.00%	0.00%	3.97
879	HANS	245	117	0.00%	0.00%	2.09
880	THYM	245	59	0.00%	0.00%	4.15
881	PENU	243	89	0.00%	0.00%	2.73
882	SEET	242	79	0.00%	0.00%	3.06
883	LUNA	242	52	0.00%	0.00%	4.65
884	DEVR	240	102	0.00%	0.00%	2.35
885	KHAR	240	92	0.00%	0.00%	2.61
886	HAMI	240	81	0.00%	0.00%	2.96
887	THRD	240	52	0.00%	0.00%	4.62
888	RJPA	238	54	0.00%	0.00%	4.41
889	GURZ	237	116	0.00%	0.00%	2.04
890	KOEM	236	73	0.00%	0.00%	3.23
891	GJPT	234	66	0.00%	0.00%	3.55
892	HIND	231	89	0.00%	0.00%	2.60
893	MAMA	230	106	0.00%	0.00%	2.17
894	NGKL	230	93	0.00%	0.00%	2.47
895	HUSR	224	78	0.00%	0.00%	2.87
896	MDHA	223	98	0.00%	0.00%	2.28
897	MMRR	222	84	0.00%	0.00%	2.64
898	TTPP	220	106	0.00%	0.00%	2.08
899	GOKA	220	33	0.00%	0.00%	6.67
900	BATT	219	123	0.00%	0.00%	1.78
901	KOSG	215	70	0.00%	0.00%	3.07
902	BSRM	214	99	0.00%	0.00%	2.16
903	KRJT	214	56	0.00%	0.00%	3.82
904	OOTY	214	39	0.00%	0.00%	5.49
905	GDRO	211	95	0.00%	0.00%	2.22
906	PENM	209	53	0.00%	0.00%	3.94
907	DEGA	208	61	0.00%	0.00%	3.41
908	THUL	206	63	0.00%	0.00%	3.27
909	BARN	202	96	0.00%	0.00%	2.10
910	GORA	202	91	0.00%	0.00%	2.22
911	DIGR	200	79	0.00%	0.00%	2.53
912	DARS	200	71	0.00%	0.00%	2.82
913	BASA	197	59	0.00%	0.00%	3.34
914	BHUN	196	70	0.00%	0.00%	2.80
915	VRAI	192	73	0.00%	0.00%	2.63
916	KHCU	191	64	0.00%	0.00%	2.98
917	AMLN	191	58	0.00%	0.00%	3.29
918	PEDD	189	83	0.00%	0.00%	2.28
919	CUMB	188	89	0.00%	0.00%	2.11
920	HOLE	188	38	0.00%	0.00%	4.95
921	NEEM	183	66	0.00%	0.00%	2.77
922	DABR	182	88	0.00%	0.00%	2.07
923	IEEJ	182	79	0.00%	0.00%	2.30
924	NAKM	181	105	0.00%	0.00%	1.72
925	ASIK	179	65	0.00%	0.00%	2.75
926	MAYN	179	64	0.00%	0.00%	2.80
927	SAGR	179	60	0.00%	0.00%	2.98
928	DVRL	178	83	0.00%	0.00%	2.14
929	PORU	178	79	0.00%	0.00%	2.25
930	SEMA	178	71	0.00%	0.00%	2.51
931	BIAR	178	68	0.00%	0.00%	2.62
932	RDHM	177	84	0.00%	0.00%	2.11
933	SERA	176	49	0.00%	0.00%	3.59
934	KUKS	173	71	0.00%	0.00%	2.44
935	SARH	173	60	0.00%	0.00%	2.88
936	ULUR	173	47	0.00%	0.00%	3.68
937	Surat	171	68	0.00%	0.00%	2.51
938	SRTA	169	81	0.00%	0.00%	2.09
939	DONG	169	79	0.00%	0.00%	2.14
940	BARR	167	65	0.00%	0.00%	2.57
941	CHLA	167	53	0.00%	0.00%	3.15
942	VAIM	166	64	0.00%	0.00%	2.59
943	KTPE	166	46	0.00%	0.00%	3.61
944	CHRL	165	61	0.00%	0.00%	2.70
945	PUTT	164	90	0.00%	0.00%	1.82
946	BANT	164	65	0.00%	0.00%	2.52
947	BRAC	163	84	0.00%	0.00%	1.94
948	CHTT	162	115	0.00%	0.00%	1.41
949	BIAH	160	58	0.00%	0.00%	2.76
950	AKMP	158	79	0.00%	0.00%	2.00
951	MPUR	158	78	0.00%	0.00%	2.03
952	RAIB	158	34	0.00%	0.00%	4.65
953	PAGD	157	56	0.00%	0.00%	2.80
954	VLEM	155	72	0.00%	0.00%	2.15
955	JAMD	149	60	0.00%	0.00%	2.48
956	BICH	149	47	0.00%	0.00%	3.17
957	LKSH	149	26	0.00%	0.00%	5.73
958	NKHA	148	77	0.00%	0.00%	1.92
959	DMPT	148	52	0.00%	0.00%	2.85
960	KHAJ	146	65	0.00%	0.00%	2.25
961	TADK	146	58	0.00%	0.00%	2.52
962	RMPR	145	67	0.00%	0.00%	2.16
963	PRTH	143	73	0.00%	0.00%	1.96
964	MUUR	142	59	0.00%	0.00%	2.41
965	MNMD	141	53	0.00%	0.00%	2.66
966	PTRT	139	59	0.00%	0.00%	2.36
967	RAMU	138	48	0.00%	0.00%	2.88
968	RAHI	137	62	0.00%	0.00%	2.21
969	GSPR	135	39	0.00%	0.00%	3.46
970	PHAG	134	69	0.00%	0.00%	1.94
971	MDCH	134	40	0.00%	0.00%	3.35
972	SARP	134	35	0.00%	0.00%	3.83
973	RGHA	133	75	0.00%	0.00%	1.77
974	BARD	130	36	0.00%	0.00%	3.61
975	KPKT	129	60	0.00%	0.00%	2.15
976	SHKR	129	36	0.00%	0.00%	3.58
977	SAML	128	60	0.00%	0.00%	2.13
978	GHNP	128	57	0.00%	0.00%	2.25
979	ARSI	125	54	0.00%	0.00%	2.31
980	IIND	125	46	0.00%	0.00%	2.72
981	Hyderabad	122	94	0.00%	0.00%	1.30
982	KEKR	122	45	0.00%	0.00%	2.71
983	Indore	122	39	0.00%	0.00%	3.13
984	DEVD	121	39	0.00%	0.00%	3.10
985	RAJP	121	38	0.00%	0.00%	3.18
986	PHLD	120	46	0.00%	0.00%	2.61
987	Ahmedabad	119	98	0.00%	0.00%	1.21
988	SHIR	119	30	0.00%	0.00%	3.97
989	SGMA	119	29	0.00%	0.00%	4.10
990	PLAB	118	59	0.00%	0.00%	2.00
991	CKNA	118	55	0.00%	0.00%	2.15
992	BHAI	118	44	0.00%	0.00%	2.68
993	BASN	113	51	0.00%	0.00%	2.22
994	BRWN	113	40	0.00%	0.00%	2.83
995	BILR	112	55	0.00%	0.00%	2.04
996	HRDA	112	26	0.00%	0.00%	4.31
997	LING	111	31	0.00%	0.00%	3.58
998	UDAY	110	55	0.00%	0.00%	2.00
999	HIRI	108	45	0.00%	0.00%	2.40
1000	VIDM	108	35	0.00%	0.00%	3.09
1001	BEGU	108	34	0.00%	0.00%	3.18
1002	KMLR	107	43	0.00%	0.00%	2.49
1003	JAMN	104	53	0.00%	0.00%	1.96
1004	NAMI	103	41	0.00%	0.00%	2.51
1005	BALD	102	49	0.00%	0.00%	2.08
1006	BADR	102	40	0.00%	0.00%	2.55
1007	CALC	101	20	0.00%	0.00%	5.05
1008	CHAG	100	54	0.00%	0.00%	1.85
1009	SONH	100	37	0.00%	0.00%	2.70
1010	SEND	100	34	0.00%	0.00%	2.94
1011	KOLL	99	42	0.00%	0.00%	2.36
1012	MLAK	99	37	0.00%	0.00%	2.68
1013	MADD	99	19	0.00%	0.00%	5.21
1014	KKNN	99	16	0.00%	0.00%	6.19
1015	BAKL	98	24	0.00%	0.00%	4.08
1016	VAST	97	54	0.00%	0.00%	1.80
1017	CHEY	97	45	0.00%	0.00%	2.16
1018	AMGN	94	41	0.00%	0.00%	2.29
1019	GTGN	94	27	0.00%	0.00%	3.48
1020	JAUN	91	58	0.00%	0.00%	1.57
1021	BOMM	90	14	0.00%	0.00%	6.43
1022	CHGI	89	33	0.00%	0.00%	2.70
1023	HULI	87	25	0.00%	0.00%	3.48
1024	KIAV	87	3	0.00%	0.00%	29.00
1025	NYNT	86	28	0.00%	0.00%	3.07
1026	VIDI	85	30	0.00%	0.00%	2.83
1027	CHTN	84	16	0.00%	0.00%	5.25
1028	KAAP	82	42	0.00%	0.00%	1.95
1029	Jaipur	80	56	0.00%	0.00%	1.43
1030	DMKL	79	43	0.00%	0.00%	1.84
1031	VNKT	79	31	0.00%	0.00%	2.55
1032	BEJA	79	9	0.00%	0.00%	8.78
1033	KATP	78	33	0.00%	0.00%	2.36
1034	KRSR	78	24	0.00%	0.00%	3.25
1035	PILM	77	42	0.00%	0.00%	1.83
1036	SNWD	77	22	0.00%	0.00%	3.50
1037	KNAI	77	18	0.00%	0.00%	4.28
1038	Warangal	76	51	0.00%	0.00%	1.49
1039	MUNN	76	28	0.00%	0.00%	2.71
1040	GRAP	75	44	0.00%	0.00%	1.70
1041	HARR	75	37	0.00%	0.00%	2.03
1042	PILA	75	28	0.00%	0.00%	2.68
1043	GOGA	75	26	0.00%	0.00%	2.88
1044	HARU	75	24	0.00%	0.00%	3.13
1045	KRTH	75	17	0.00%	0.00%	4.41
1046	NARR	74	27	0.00%	0.00%	2.74
1047	ANJA	74	26	0.00%	0.00%	2.85
1048	MMAI	72	32	0.00%	0.00%	2.25
1049	KHUR	71	34	0.00%	0.00%	2.09
1050	BARQ	71	19	0.00%	0.00%	3.74
1051	SRTI	70	31	0.00%	0.00%	2.26
1052	HHGG	69	18	0.00%	0.00%	3.83
1053	HNVR	67	29	0.00%	0.00%	2.31
1054	LAVA	67	17	0.00%	0.00%	3.94
1055	KTMM	65	32	0.00%	0.00%	2.03
1056	DHUR	65	21	0.00%	0.00%	3.10
1057	PALY	65	9	0.00%	0.00%	7.22
1058	YERR	63	33	0.00%	0.00%	1.91
1059	LEHA	63	18	0.00%	0.00%	3.50
1060	HAPR	62	35	0.00%	0.00%	1.77
1061	BYAD	60	24	0.00%	0.00%	2.50
1062	NIPA	59	26	0.00%	0.00%	2.27
1063	MUDG	59	18	0.00%	0.00%	3.28
1064	NRGD	58	11	0.00%	0.00%	5.27
1065	YELB	57	18	0.00%	0.00%	3.17
1066	KURY	57	12	0.00%	0.00%	4.75
1067	KANC	56	37	0.00%	0.00%	1.51
1068	MAKT	56	35	0.00%	0.00%	1.60
1069	ATHN	56	21	0.00%	0.00%	2.67
1070	KASD	55	27	0.00%	0.00%	2.04
1071	ANGI	55	16	0.00%	0.00%	3.44
1072	Goa	54	43	0.00%	0.00%	1.26
1073	DMND	54	31	0.00%	0.00%	1.74
1074	MANE	54	30	0.00%	0.00%	1.80
1075	JAGA	52	17	0.00%	0.00%	3.06
1076	SNDH	51	42	0.00%	0.00%	1.21
1077	KATR	50	14	0.00%	0.00%	3.57
1078	Coimbatore	49	34	0.00%	0.00%	1.44
1079	Chandigarh	49	29	0.00%	0.00%	1.69
1080	GALA	49	22	0.00%	0.00%	2.23
1081	SASA	48	13	0.00%	0.00%	3.69
1082	MURS	48	8	0.00%	0.00%	6.00
1083	ARGU	47	22	0.00%	0.00%	2.14
1084	MAHE	47	18	0.00%	0.00%	2.61
1085	NLEM	45	23	0.00%	0.00%	1.96
1086	CARO	45	20	0.00%	0.00%	2.25
1087	BARC	45	20	0.00%	0.00%	2.25
1088	IDPA	45	9	0.00%	0.00%	5.00
1089	PALI	45	4	0.00%	0.00%	11.25
1090	THTN	44	30	0.00%	0.00%	1.47
1091	PKWA	43	2	0.00%	0.00%	21.50
1092	COLO	42	26	0.00%	0.00%	1.62
1093	Nagpur	42	26	0.00%	0.00%	1.62
1094	NANP	42	18	0.00%	0.00%	2.33
1095	VISN	41	17	0.00%	0.00%	2.41
1096	MDGR	41	7	0.00%	0.00%	5.86
1097	MAHA	40	33	0.00%	0.00%	1.21
1098	Amritsar	40	27	0.00%	0.00%	1.48
1099	SARD	40	21	0.00%	0.00%	1.90
1100	KADU	39	22	0.00%	0.00%	1.77
1101	NARN	38	28	0.00%	0.00%	1.36
1102	KKRI	38	13	0.00%	0.00%	2.92
1103	MBBH	37	24	0.00%	0.00%	1.54
1104	GJGH	37	20	0.00%	0.00%	1.85
1105	SAUN	37	15	0.00%	0.00%	2.47
1106	ATMK	37	15	0.00%	0.00%	2.47
1107	GRAD	37	12	0.00%	0.00%	3.08
1108	Valsad	36	31	0.00%	0.00%	1.16
1109	AGIR	36	25	0.00%	0.00%	1.44
1110	MATT	36	22	0.00%	0.00%	1.64
1111	SIMI	35	31	0.00%	0.00%	1.13
1112	STHB	35	16	0.00%	0.00%	2.19
1113	MAYR	35	12	0.00%	0.00%	2.92
1114	NMGL	35	10	0.00%	0.00%	3.50
1115	TMLU	35	8	0.00%	0.00%	4.38
1116	REPA	34	18	0.00%	0.00%	1.89
1117	VRAL	33	24	0.00%	0.00%	1.38
1118	MOLA	33	24	0.00%	0.00%	1.38
1119	Lucknow	32	27	0.00%	0.00%	1.19
1120	AZT	32	3	0.00%	0.00%	10.67
1121	Gandhinagar	31	22	0.00%	0.00%	1.41
1122	BILG	31	7	0.00%	0.00%	4.43
1123	MEBN	31	4	0.00%	0.00%	7.75
1124	GING	30	27	0.00%	0.00%	1.11
1125	VIET	30	17	0.00%	0.00%	1.76
1126	MUDD	30	14	0.00%	0.00%	2.14
1127	Siliguri	30	5	0.00%	0.00%	6.00
1128	KHMA	30	4	0.00%	0.00%	7.50
1129	ATPA	29	12	0.00%	0.00%	2.42
1130	GKGK	29	4	0.00%	0.00%	7.25
1131	Mangar	28	23	0.00%	0.00%	1.22
1132	PONU	28	17	0.00%	0.00%	1.65
1133	YANM	28	17	0.00%	0.00%	1.65
1134	ABDB	28	16	0.00%	0.00%	1.75
1135	CHEB	27	17	0.00%	0.00%	1.59
1136	GULD	27	11	0.00%	0.00%	2.45
1137	National+Capital+Region	26	16	0.00%	0.00%	1.63
1138	BSRT	26	11	0.00%	0.00%	2.36
1139	RJGR	25	16	0.00%	0.00%	1.56
1140	TKOT	25	12	0.00%	0.00%	2.08
1141	KOHI	25	9	0.00%	0.00%	2.78
1142	JMKN	25	8	0.00%	0.00%	3.13
1143	RYKL	24	11	0.00%	0.00%	2.18
1144	CHAI	24	9	0.00%	0.00%	2.67
1145	PERN	23	17	0.00%	0.00%	1.35
1146	PANR	23	9	0.00%	0.00%	2.56
1147	KPLI	22	17	0.00%	0.00%	1.29
1148	KHAI	22	16	0.00%	0.00%	1.38
1149	THPR	22	14	0.00%	0.00%	1.57
1150	NABH	22	1	0.00%	0.00%	22.00
1151	PAKA	21	21	0.00%	0.00%	1.00
1152	TAAA	21	18	0.00%	0.00%	1.17
1153	UNKD	21	11	0.00%	0.00%	1.91
1154	BEST	21	8	0.00%	0.00%	2.63
1155	AANI	20	12	0.00%	0.00%	1.67
1156	KHND	20	7	0.00%	0.00%	2.86
1157	Mathura	20	7	0.00%	0.00%	2.86
1158	PANN	19	15	0.00%	0.00%	1.27
1159	LOHA	19	12	0.00%	0.00%	1.58
1160	KOTL	19	7	0.00%	0.00%	2.71
1161	DEVA	19	1	0.00%	0.00%	19.00
1162	TDPT	18	7	0.00%	0.00%	2.57
1163	SAMS	18	7	0.00%	0.00%	2.57
1164	DEVK	18	4	0.00%	0.00%	4.50
1165	MAGA	17	9	0.00%	0.00%	1.89
1166	PULI	17	8	0.00%	0.00%	2.13
1167	HRHR	17	3	0.00%	0.00%	5.67
1168	RATO	16	11	0.00%	0.00%	1.45
1169	CNPI	16	11	0.00%	0.00%	1.45
1170	GULL	16	8	0.00%	0.00%	2.00
1171	TUKE	16	6	0.00%	0.00%	2.67
1172	SELA	16	4	0.00%	0.00%	4.00
1173	EKMA	16	3	0.00%	0.00%	5.33
1174	TALL	15	11	0.00%	0.00%	1.36
1175	MAHU	15	8	0.00%	0.00%	1.88
1176	ABDH	15	5	0.00%	0.00%	3.00
1177	KHMG	15	2	0.00%	0.00%	7.50
1178	BARL	14	11	0.00%	0.00%	1.27
1179	BONI	14	11	0.00%	0.00%	1.27
1180	CHOT	14	11	0.00%	0.00%	1.27
1181	DHAU	14	4	0.00%	0.00%	3.50
1182	Vadodara	13	12	0.00%	0.00%	1.08
1183	DHOR	13	10	0.00%	0.00%	1.30
1184	PANP	13	9	0.00%	0.00%	1.44
1185	National Capital Region	13	8	0.00%	0.00%	1.63
1186	MADA	13	6	0.00%	0.00%	2.17
1187	ZEER	13	5	0.00%	0.00%	2.60
1188	SAWR	13	4	0.00%	0.00%	3.25
1189	DHAC	12	9	0.00%	0.00%	1.33
1190	SOGO	12	7	0.00%	0.00%	1.71
1191	BAPA	12	7	0.00%	0.00%	1.71
1192	MART	12	4	0.00%	0.00%	3.00
1193	Mysuru (Mysore)	11	10	0.00%	0.00%	1.10
1194	Muzaffarnagar	11	8	0.00%	0.00%	1.38
1195	BANJ	11	7	0.00%	0.00%	1.57
1196	Ranchi	11	6	0.00%	0.00%	1.83
1197	NIMA	11	5	0.00%	0.00%	2.20
1198	MUKE	11	4	0.00%	0.00%	2.75
1199	FATD	11	2	0.00%	0.00%	5.50
1200	SHAA	10	8	0.00%	0.00%	1.25
1201	KTAB	10	7	0.00%	0.00%	1.43
1202	PAMA	10	7	0.00%	0.00%	1.43
1203	SAHM	10	6	0.00%	0.00%	1.67
1204	NANA	10	3	0.00%	0.00%	3.33
1205	Mangaluru (Mangalore)	9	9	0.00%	0.00%	1.00
1206	RAXA	9	8	0.00%	0.00%	1.13
1207	SOCH	9	7	0.00%	0.00%	1.29
1208	Jamshedpur	9	6	0.00%	0.00%	1.50
1209	CHOK	9	6	0.00%	0.00%	1.50
1210	Pathankot	9	5	0.00%	0.00%	1.80
1211	DORN	9	4	0.00%	0.00%	2.25
1212	BHMG	9	4	0.00%	0.00%	2.25
1213	CANN	9	2	0.00%	0.00%	4.50
1214	MARK	9	2	0.00%	0.00%	4.50
1215	KAPP	9	1	0.00%	0.00%	9.00
1216	NINO	9	1	0.00%	0.00%	9.00
1217	Kolhapur	8	6	0.00%	0.00%	1.33
1218	PONE	8	3	0.00%	0.00%	2.67
1219	TELP	8	3	0.00%	0.00%	2.67
1220	MALP	8	3	0.00%	0.00%	2.67
1221	Morbi	7	7	0.00%	0.00%	1.00
1222	Vapi	7	6	0.00%	0.00%	1.17
1223	SAKL	7	4	0.00%	0.00%	1.75
1224	HARI	7	3	0.00%	0.00%	2.33
1225	BAMA	7	1	0.00%	0.00%	7.00
1226	Rohtak	6	6	0.00%	0.00%	1.00
1227	CHHI	6	6	0.00%	0.00%	1.00
1228	Gandhidham	6	6	0.00%	0.00%	1.00
1229	Trivandrum	6	6	0.00%	0.00%	1.00
1230	GOLL	6	6	0.00%	0.00%	1.00
1231	CHIH	6	5	0.00%	0.00%	1.20
1232	TITT	6	4	0.00%	0.00%	1.50
1233	ARMO	6	3	0.00%	0.00%	2.00
1234	Bharuch	6	3	0.00%	0.00%	2.00
1235	CHET	6	3	0.00%	0.00%	2.00
1236	JRD	6	3	0.00%	0.00%	2.00
1237	PAPT	6	2	0.00%	0.00%	3.00
1238	KHRH	6	2	0.00%	0.00%	3.00
1239	Latur	6	2	0.00%	0.00%	3.00
1240	NAUT	6	1	0.00%	0.00%	6.00
1241	THIR	6	1	0.00%	0.00%	6.00
1242	NDWB	6	1	0.00%	0.00%	6.00
1243	Trichy	5	5	0.00%	0.00%	1.00
1244	Pondicherry	5	5	0.00%	0.00%	1.00
1245	CHHA	5	4	0.00%	0.00%	1.25
1246	Salem	5	4	0.00%	0.00%	1.25
1247	Rajkot	5	4	0.00%	0.00%	1.25
1248	Tiruvannamalai	5	2	0.00%	0.00%	2.50
1249	Nalgonda	5	2	0.00%	0.00%	2.50
1250	KTCH	5	2	0.00%	0.00%	2.50
1251	MAVY	5	2	0.00%	0.00%	2.50
1252	Jodhpur	5	1	0.00%	0.00%	5.00
1253	Kochi	4	4	0.00%	0.00%	1.00
1254	Kozhikode	4	4	0.00%	0.00%	1.00
1255	Navsari	4	4	0.00%	0.00%	1.00
1256	Nashik	4	4	0.00%	0.00%	1.00
1257	NEDU	4	3	0.00%	0.00%	1.33
1258	SNTK	4	3	0.00%	0.00%	1.33
1259	Mettuppalayam	4	3	0.00%	0.00%	1.33
1260	KATM	4	2	0.00%	0.00%	2.00
1261	SEPA	4	2	0.00%	0.00%	2.00
1262	Bhopal	4	2	0.00%	0.00%	2.00
1263	Panipat	4	2	0.00%	0.00%	2.00
1264	MNMI	4	2	0.00%	0.00%	2.00
1265	Vijayawada	4	2	0.00%	0.00%	2.00
1266	CMBM	4	1	0.00%	0.00%	4.00
1267	CHAR	4	1	0.00%	0.00%	4.00
1268	Howrah	3	3	0.00%	0.00%	1.00
1269	PRLI	3	3	0.00%	0.00%	1.00
1270	ASNA	3	3	0.00%	0.00%	1.00
1271	Tirupur	3	3	0.00%	0.00%	1.00
1272	Anand	3	3	0.00%	0.00%	1.00
1273	Surendranagar	3	3	0.00%	0.00%	1.00
1274	Bhiwadi	3	3	0.00%	0.00%	1.00
1275	Vellore	3	3	0.00%	0.00%	1.00
1276	Agra	3	3	0.00%	0.00%	1.00
1277	Madurai	3	3	0.00%	0.00%	1.00
1278	Belagavi (Belgaum)	3	3	0.00%	0.00%	1.00
1279	Satara	3	2	0.00%	0.00%	1.50
1280	DHAA	3	2	0.00%	0.00%	1.50
1281	PAHT	3	2	0.00%	0.00%	1.50
1282	Thanjavur	3	2	0.00%	0.00%	1.50
1283	Umbergaon	3	2	0.00%	0.00%	1.50
1284	SABA	3	1	0.00%	0.00%	3.00
1285	NALJ	3	1	0.00%	0.00%	3.00
1286	Bhiwani	3	1	0.00%	0.00%	3.00
1287	Kota	3	1	0.00%	0.00%	3.00
1288	MELA	3	1	0.00%	0.00%	3.00
1289	Neemrana	3	1	0.00%	0.00%	3.00
1290	Raipur	3	1	0.00%	0.00%	3.00
1291	AUSH	3	1	0.00%	0.00%	3.00
1292	Aurangabad	2	2	0.00%	0.00%	1.00
1293	CHEK	2	2	0.00%	0.00%	1.00
1294	Ankleshwar	2	2	0.00%	0.00%	1.00
1295	Secunderabad	2	2	0.00%	0.00%	1.00
1296	Erode	2	2	0.00%	0.00%	1.00
1297	Kanpur	2	2	0.00%	0.00%	1.00
1298	Guwahati	2	2	0.00%	0.00%	1.00
1299	Cuttack	2	2	0.00%	0.00%	1.00
1300	BGPI	2	1	0.00%	0.00%	2.00
1301	KLNT	2	1	0.00%	0.00%	2.00
1302	GRAH	2	1	0.00%	0.00%	2.00
1303	SANR	2	1	0.00%	0.00%	2.00
1304	BSRI	2	1	0.00%	0.00%	2.00
1305	SELU	2	1	0.00%	0.00%	2.00
1306	Dindigul	2	1	0.00%	0.00%	2.00
1307	Durgapur	2	1	0.00%	0.00%	2.00
1308	SABB	2	1	0.00%	0.00%	2.00
1309	ALUR	2	1	0.00%	0.00%	2.00
1310	PORT	2	1	0.00%	0.00%	2.00
1311	CHDD	2	1	0.00%	0.00%	2.00
1312	BLVD	2	1	0.00%	0.00%	2.00
1313	NJGU	2	1	0.00%	0.00%	2.00
1314	Bangalore	1	1	0.00%	0.00%	1.00
1315	KCKA	1	1	0.00%	0.00%	1.00
1316	Shadnagar	1	1	0.00%	0.00%	1.00
1317	CHDN	1	1	0.00%	0.00%	1.00
1318	Villupuram	1	1	0.00%	0.00%	1.00
1319	Bhubaneswar	1	1	0.00%	0.00%	1.00
1320	Bhuj	1	1	0.00%	0.00%	1.00
1321	Gobichettipalayam	1	1	0.00%	0.00%	1.00
1322	Tenkasi	1	1	0.00%	0.00%	1.00
1323	Bhavnagar	1	1	0.00%	0.00%	1.00
1324	Jalandhar	1	1	0.00%	0.00%	1.00
1325	Palghar	1	1	0.00%	0.00%	1.00
1326	RJAM	1	1	0.00%	0.00%	1.00
1327	Panchkula	1	1	0.00%	0.00%	1.00
1328	Kanchipuram	1	1	0.00%	0.00%	1.00
1329	Hospet	1	1	0.00%	0.00%	1.00
1330	Ranipet	1	1	0.00%	0.00%	1.00
1331	Nagercoil	1	1	0.00%	0.00%	1.00
1332	Abu Road	1	1	0.00%	0.00%	1.00
1333	Tindivanam	1	1	0.00%	0.00%	1.00
1334	BNSA	1	1	0.00%	0.00%	1.00
1335	SAPE	1	1	0.00%	0.00%	1.00
1336	Haripad	1	1	0.00%	0.00%	1.00
1337	Bilimora	1	1	0.00%	0.00%	1.00
1338	Jalna	1	1	0.00%	0.00%	1.00
1339	Ludhiana	1	1	0.00%	0.00%	1.00
1340	RONC	1	1	0.00%	0.00%	1.00
1341	KMLA	1	1	0.00%	0.00%	1.00
1342	Anantapur	1	1	0.00%	0.00%	1.00
1343	Dausa	1	1	0.00%	0.00%	1.00
1344	Kurukshetra	1	1	0.00%	0.00%	1.00
1345	Godhra	1	1	0.00%	0.00%	1.00
1346	Meerut	1	1	0.00%	0.00%	1.00
1347	Ambala	1	1	0.00%	0.00%	1.00
1348	Dehradun	1	1	0.00%	0.00%	1.00
1349	Pulluvila	1	1	0.00%	0.00%	1.00
1350	Shrirampur	1	1	0.00%	0.00%	1.00
1351	JIRA	1	1	0.00%	0.00%	1.00
1352	Mohali	1	1	0.00%	0.00%	1.00
1353	Vijapur	1	1	0.00%	0.00%	1.00
1354	Titagarh	1	1	0.00%	0.00%	1.00
1355	JYAM	1	1	0.00%	0.00%	1.00
1356	Jamnagar	1	1	0.00%	0.00%	1.00
1357	Chidambaram	1	1	0.00%	0.00%	1.00
1358	Tirupati	1	1	0.00%	0.00%	1.00
1359	HSBD	1	1	0.00%	0.00%	1.00
1360	SKPM	1	1	0.00%	0.00%	1.00
1361	KIDI	1	1	0.00%	0.00%	1.00
1362	Pathanamthitta	1	1	0.00%	0.00%	1.00
1363	Krishnanagar	1	1	0.00%	0.00%	1.00
1364	Idar	1	1	0.00%	0.00%	1.00
1365	Patan	1	1	0.00%	0.00%	1.00
1366	Nakhatrana	1	1	0.00%	0.00%	1.00